CREATE TABLE class
(
    id bigint NOT NULL,
    teacher text,
    level text,
    session text,
    CONSTRAINT class_pkey PRIMARY KEY (id)
);

INSERT INTO class(id, teacher, level, session)
VALUES (1, 'Maria', '3A', '11:30'),
       (2, 'Amina', '4A', '10:00'),
       (3, 'Sara', '4A/P1', '11:30'),
       (4, 'Jose Julio', 'Highers', ''),
       (5, 'Jose Julio', 'Nat5', ''),
       (6, 'Jaime', 'P1', '10:00'),
       (7, 'Maria', 'P2', '10:00'),
       (8, 'Raquel', 'P3', '10:00'),
       (9, 'Raquel', 'P3', '11:30'),
       (10, 'Amina', 'P4', '11:30'),
       (11, 'Sara', 'P4/P5', '10:00'),
       (12, 'Jaime', 'P5', '11:30'),
       (13, 'Matias', 'P6/P7', '10:00'),
       (14, 'Matias', 'P7', '11:30');

CREATE TABLE socio
(
    id           bigint NOT NULL,
    num_socio    text COLLATE pg_catalog."default",
    num_kids     integer,
    parents_name text,
    fecha_de_alta date,
    fecha_de_baja date,
    CONSTRAINT socio_pkey PRIMARY KEY (num_socio)
);
INSERT INTO socio(id, num_socio, num_kids, parents_name, fecha_de_alta, fecha_de_baja)
VALUES (1, 2324, 1, 'Amanda Valles Garrido','2024-02-01',null),
       (2, 2314, 2, 'Lucas Toledo','2024-02-01',null),
       (3, 1259, 2, 'Daniel Blasco','2024-02-01',null),
       (4, 2325, 2, 'Esther Mármol','2024-02-01',null),
       (5, 2356, 1, 'Laura Sevilla Lara','2024-02-01',null),
       (6, 2357, 1, 'Alex Gallego','2024-02-01',null),
       (7, 2358, 1, 'Monica Santillana Sainz','2024-02-01',null),
       (8, 2302, 1, 'Alex Borda','2024-02-01',null),
       (9, 1264, 2, 'Fiona mclachlan','2024-02-01',null),
       (10, 2326, 1, 'Isabel Arranz Merino','2024-02-01',null),
       (11, 2327, 2, 'Diego Oyarzun','2024-02-01',null),
       (12, 2328, 2, 'Vicente Ramon Fernandez Roman','2024-02-01',null),
       (13, 2329, 1, 'Altea Lorenzo Arribas','2024-02-01',null),
       (14, 1260, 2, 'Fatima Tachti','2024-02-01',null),
       (15, 1151, 2, 'Eduardo Fernandez Moreno','2024-02-01',null),
       (16, 1190, 2, 'Belen Martin, Sergio García Quiles','2024-02-01',null),
       (17, 1209, 2, 'Maite Gurpegui','2024-02-01',null),
       (18, 2320, 1, 'Raquel Marcos Alarcon','2024-02-01',null),
       (19, 2330, 1, 'Francisco de Borja González Durán','2024-02-01',null),
       (20, 2331, 1, 'Lorena Palomo Fernández','2024-02-01',null),
       (21, 1027, 2, 'Mónica Pintado González','2024-02-01',null),
       (22, 1237, 1, 'Celia Perea','2024-02-01',null),
       (23, 1001, 2, 'Ana Herranz-Molina','2024-02-01',null),
       (24, 1275, 1, 'Giulia Elia','2024-02-01',null),
       (25, 1123, 2, 'Yolanda Martinez Pereira','2024-02-01',null),
       (26, 2316, 1, 'Maite Pérez Chris McCartney','2024-02-01',null),
       (27, 1155, 1, 'Maria Aguirre Rete','2024-02-01',null),
       (28, 2354, 1, 'Ana de Bonrostro','2024-02-01',null),
       (29, 2355, 1, 'Luis Acevedo','2024-02-01',null),
       (30, 2317, 1, 'Maria del Carmen Galiano Romasanta','2024-02-01',null),
       (31, 2323, 1, 'Sonia Gausinet','2024-02-01',null),
       (32, 2319, 2, 'Paula Garcia-Zaragoza Villa','2024-02-01',null),
       (33, 2333, 1, 'Ana Heyn','2024-02-01',null),
       (34, 2313, 1, 'Jose Antonio López Ruiz','2024-02-01',null),
       (35, 2310, 1, 'Elena McLachlan','2024-02-01',null),
       (36, 2334, 2, 'Iria Poncela Blanco','2024-02-01',null),
       (37, 2311, 1, 'Fátima Villanueva Villarnovo','2024-02-01',null),
       (38, 1282, 1, 'Francisco José Forner Borras','2024-02-01',null),
       (39, 2322, 1, 'Sara Repollet Milan','2024-02-01',null),
       (40, 2303, 1, 'Angeles Gallego','2024-02-01',null),
       (41, 2335, 2, 'Farida boumenjel','2024-02-01',null),
       (42, 2336, 1, 'Carmen Boado Penas','2024-02-01',null),
       (43, 2337, 1, 'Ana Brieva Magan','2024-02-01',null),
       (44, 2338, 1, 'Carolina','2024-02-01',null),
       (45, 2339, 1, 'Mirella','2024-02-01',null),
       (46, 2306, 2, 'Breogán Zazpe Tejedor','2024-02-01',null),
       (47, 2340, 1, 'Xabier Eceiza','2024-02-01',null),
       (48, 2341, 1, 'Eleonora Vacca','2024-02-01',null),
       (49, 2342, 1, 'Carolina Orloff','2024-02-01',null),
       (50, 1126, 2, 'Yolanda Vazquez Alvarez','2024-02-01',null),
       (51, 1227, 1, 'julia marin de las heras','2024-02-01',null),
       (52, 1133, 2, 'Isabel Villanueva Margalef','2024-02-01',null),
       (53, 1229, 1, 'Sonia Martin Sanchez','2024-02-01',null),
       (54, 1251, 2, 'Irene Porras','2024-02-01',null),
       (55, 2359, 1, 'Marta Gallardo','2024-02-01',null),
       (56, 1091, 2, 'Rocio Toribio','2024-02-01',null),
       (57, 1243, 2, 'Isa Edmond','2024-02-01',null),
       (58, 1268, 1, 'Verónica González Navas','2024-02-01',null),
       (59, 2344, 1, 'Marieta G fuertes','2024-02-01',null),
       (60, 2360, 1, 'Diego Fernández Capitán','2024-02-01',null),
       (61, 2345, 2, 'Raul Franco Monmeneu','2024-02-01',null),
       (62, 2346, 1, 'Leidy Jones','2024-02-01',null),
       (63, 2347, 1, 'Iris menendez','2024-02-01',null),
       (64, 2343, 1, 'Mamen Rubio','2024-02-01',null),
       (65, 2349, 2, 'Mary Lira','2024-02-01',null),
       (67, 2304, 1, 'Victoria Avila Regidor','2024-02-01',null),
       (68, 1201, 1, 'Maria Louro Luana','2024-02-01',null),
       (69, 1199, 1, 'Alfredo González Sulser','2024-02-01',null),
       (70, 1239, 2, 'Cristina Ramirez Garcia','2024-02-01',null),
       (71, 2350, 1, 'Pablo La Porte','2024-02-01',null),
       (72, 2353, 1, 'Maria Linares Servan','2024-02-01',null),
       (74, 1222, 1, 'Felix Lopez','2024-02-01',null),
       (75, 1267, 1, 'Vicente Perez','2024-02-01',null),
       (76, 1265, 1, 'Jose Alberto','2024-02-01',null),
       (77, 2352, 1, 'Leidy Jones','2024-02-01',null),
       (78, 1187, 1, 'Juan Carlos Varona Sánchez','2024-02-01',null);

CREATE TABLE kid
(
    id      bigint NOT NULL,
    name    text,
    surname text,
    dob text,
    class_id bigint,
    parent_id text,
    fecha_de_alta date,
    fecha_de_baja date,
    CONSTRAINT kid_pkey PRIMARY KEY (id),
    CONSTRAINT fk_class_id
        FOREIGN KEY(class_id)
        REFERENCES class(id),
    CONSTRAINT fk_parent_id
        FOREIGN KEY(parent_id)
        REFERENCES socio(num_socio)
);

INSERT INTO kid(id, name, surname, dob, class_id, parent_id, fecha_de_alta, fecha_de_baja)
VALUES (1, 'Sidney', 'Jowah', '09/06/2020',1,2324,'2024-02-01',null),
       (2, 'Catalina', 'Toledo', '10/04/2020',1,2314,'2024-02-01',null),
       (3, 'Julia', 'Blasco Hartley','23/04/2020',1,1259,'2024-02-01',null),
       (4, 'Emma', 'King Mármol', '24/02/2020',1,2325,'2024-02-01',null),
       (5, 'Sarah', 'King Mármol', '24/02/2020',1,2325,'2024-02-01',null),
       (6, 'Alba', 'Sevilla Sodomka', '11/05/2020',1,2356,'2024-02-01',null),
       (7, 'Ainoa', 'Cruz Gallego', '01/05/2020',1,2357,'2024-02-01',null),
       (8, 'Yago', 'Corcoran Sainz', '30/09/2020',1,2358,'2024-02-01',null),
       (9, 'Daniel Sinchi', 'Borda-Huzair', '13/1/2019',2,2302,'2024-02-01',null),
       (10, 'Nico', 'Gauld', '7/3/2019',2,1264,'2024-02-01',null),
       (11, 'Ernesto', 'Arranz Merino', '11/3/2019',2,2326,'2024-02-01',null),
       (12, 'Felix', 'Oyarzun Weisse', '31/5/2019',2,2327,'2024-02-01',null),
       (13, 'Harris', 'Fernandez Mitchell', '06/02/2020',2,2328,'2024-02-01',null),
       (14, 'Rhodri', 'Fernandez Mitchell', '06/02/2020',2,2328,'2024-02-01',null),
       (15, 'Amelia Winefride', 'Duckett Lorenzo', '09/11/2019',2,2329,'2024-02-01',null),
       (17, 'Ayman', 'Amrani', '31/5/2019',3,1260,'2024-02-01',null),
       (18, 'INES BRIDGET', 'Fernandez Allen', '27/6/2019',3,1151,'2024-02-01',null),
       (19, 'Andres', 'Garcia Martin', '17/4/2018',3,1190,'2024-02-01',null),
       (20, 'Iona', 'Hawkes Gurpegui', '1/8/2019',3,1209,'2024-02-01',null),
       (21, 'Alessandro', 'Lostia Marcos', '17/4/2018',3,2320,'2024-02-01',null),
       (22, 'Nico', 'Toledo', '24/11/2018',3,2314,'2024-02-01',null),
       (23, 'Sakura Triana', 'González Zoltowska', '08/06/2018',3,2330,'2024-02-01',null),
       (24, 'Adrián', 'Fernández Palomo', '22/07/2018',3,2331,'2024-02-01',null),
       (25, 'Alexander', 'Black', '1/7/2007',4,1027,'2024-02-01',null),
       (26, 'Sara', 'Robertson', '27/2/2009',4,1237,'2024-02-01',null),
       (27, 'Lara', 'Mullan-Herranz', '25/8/2009',5,1001,'2024-02-01',null),
       (28, 'Oscar', 'Black', '28/3/2009',5,1027,'2024-02-01',null),
       (29, 'Nuria', 'Pizzi Martinez', '21/9/2010',5,1123,'2024-02-01',null),
       (30, 'Isabel Lucía', 'McCartney Pérez', '',5,2316,'2024-02-01',null),
       (31, 'Luna', 'Korecka Aguirre', '07/02/2011',5,1155,'2024-02-01',null),
       (32, 'Julia', 'Muyo de Bonrostro', '16/04/2010',5,2354,'2024-02-01',null),
       (33, 'Claudia', 'Acevedo', '23/02/2008',5,2355,'2024-02-01',null),
       (34, 'Julia', 'Galiano Swainson', '10/7/2018',6,2317,'2024-02-01',null),
       (35, 'Arlo','Gausinet-Collins', '17/9/2018',6,2323,'2024-02-01',null),
       (36, 'Lucas', 'Gibbs Garcia-Zaragoza', '29/9/2018',6,2319,'2024-02-01',null),
       (37, 'Alex', 'Heyn-Perera', '5/5/2018',6,2333,'2024-02-01',null),
       (38, 'Maya Sofia', 'Lopez', '19/5/2018',6,2313,'2024-02-01',null),
       (39, 'Adriana', 'McLachlan', '1/5/2018',6,2310,'2024-02-01',null),
       (40, 'Alba', 'Escudero Poncela', '11/10/2018',6,2334,'2024-02-01',null),
       (41, 'Ania', 'Escudero Poncela', '11/10/2018',6,2334,'2024-02-01',null),
       (42, 'Íñigo', 'De Vicente Villanueva', '25/7/2017',7,2311,'2024-02-01',null),
       (43, 'Rafael Alastair', 'Forner-Christie', '22/9/2017',7,1282,'2024-02-01',null),
       (44, 'Aidan', 'Reid Repollet', '18/2/2017',7,2322,'2024-02-01',null),
       (45, 'AlbaRose', 'Sutherland Gallego', '18/5/2017',7,2303,'2024-02-01',null),
       (46, 'Adam', 'Nicholas boumenjel', '22/5/2017',7,2335,'2024-02-01',null),
       (47, 'Oliver', 'Sanchez Boado', '12/04/2017',7,2336,'2024-02-01',null),
       (48, 'Max', 'Harrison-Brieva', '26/05/2017',7,2337,'2024-02-01',null),
       (49, 'Lucía', 'Pozas Abad', '02/01/2018',7,2338,'2024-02-01',null),
       (50, 'Ayra', 'Fernandez', '16/10/2017',7,2339,'2024-02-01',null),
       (51, 'Gabriel', 'Gauld', '24/11/2015',8,1264,'2024-02-01',null),
       (52, 'Rory', 'Gibbs Garcia-Zaragoza', '9/10/2016',8,2319,'2024-02-01',null),
       (53, 'Eilidh', 'Zazpe Landívar', '1/7/2016',8,2306,'2024-02-01',null),
       (54, 'Erik', 'Eceiza', '3/12/2016',8,2340,'2024-02-01',null),
       (55, 'Isabella', 'Guerrero Ibanez', '19/05/2016',8,2341,'2024-02-01',null),
       (56, 'Alba', 'Orloff McDowell', '21/6/2016',8,2342,'2024-02-01',null),
       (57, 'Samuel', 'Aylett Vazquez', '12/9/2016',8,1126,'2024-02-01',null),
       (58, 'Rafael Hugh', 'Allen Marin', '17/7/2016',9,1227,'2024-02-01',null),
       (59, 'Alexander', 'Blasco Hartley', '9/12/2016',9,1259,'2024-02-01',null),
       (60, 'Alba', 'Hawkes Gurpegui', '30/5/2016',9,1209,'2024-02-01',null),
       (61, 'Alex', 'Rafferty Villanueva', '26/12/2016',9,1133,'2024-02-01',null),
       (62,'Marc','Merryweather Martin','10/11/2016',9,1229,'2024-02-01',null),
       (63, 'Noa', 'Lopez Porras', '',9,1251,'2024-02-01',null),
       (64, 'Oscar', 'Oyarzun Weisse', '1/1/2017',9,2327,'2024-02-01',null),
       (65, 'Luis', 'Macías Gallardo', '11/02/2017',9,2359,'2024-02-01',null),
       (66, 'Nour', 'Amrani', '30/5/2015',10,1260,'2024-02-01',null),
       (67, 'Daniel', 'Centkowski', '11/3/2015',10,1091,'2024-02-01',null),
       (68, 'Sophia', 'Edmond', '25/11/2015',10,1243,'2024-02-01',null),
       (69, 'Aitana', 'García Martín', '26/9/2015',10,1190,'2024-02-01',null),
       (70, 'Daniel', 'Millar González', '5/3/2015',10,1268,'2024-02-01',null),
       (71, 'Uma', 'A Garcia', '24/04/2015',10,2344,'2024-02-01',null),
       (72, 'Hiroto', 'Fernández Tsukahara', '11/02/2015',10,2360,'2024-02-01',null),
       (73, 'Mia', 'Franco Tulcu', '26/1/2016',11,2345,'2024-02-01',null),
       (74, 'Jared', 'Jones', '11/9/2015',11,2346,'2024-02-01',null),
       (75, 'Samuel', 'Menendez Suarez', '12/11/2015',11,2347,'2024-02-01',null),
       (76, 'Sofia', 'Nicholas boumenjel', '28/8/2014',11,2335,'2024-02-01',null),
       (77, 'Massimo', 'Zampella Lira', '07/03/2015',11,2349,'2024-02-01',null),
       (78, 'Artai', 'Zazpe Landívar', '25/2/2015',11,2306,'2024-02-01',null),
       (79, 'Eric', 'Espinosa Rubio','15/9/2015',11,2343,'2024-02-01',null),
       (80, 'Zoe', 'de las Heras Avila', '7/11/2014',12,2304,'2024-02-01',null),
       (81, 'Alba', 'Cameron Louro', '12/11/2013',12,1201,'2024-02-01',null),
       (82, 'Remi', 'González Rochefort', '16/3/2014',12,1199,'2024-02-01',null),
       (83, 'Tom', 'Leslie', '3/8/2014',12,1239,'2024-02-01',null),
       (84, 'Elias John', 'Fernández Allen', '',12,1151,'2024-02-01',null),
       (85, 'Charlie', 'La Porte', '12/11/2013',12,2350,'2024-02-01',null),
       (86, 'Guillermo', 'Dominguez Linares', '23/08/2014',12,2353,'2024-02-01',null),
       (87, 'Ishak', 'Franco Tulcu', '18/7/2013',13,2345,'2024-02-01',null),
       (88, 'Samuel', 'Lopez', '28/8/2011',13,1222,'2024-02-01',null),
       (89, 'Adam', 'Pérez', '4/4/2013',13,1267,'2024-02-01',null),
       (90, 'Santiago', 'Rojas', '',13,1265,'2024-02-01',null),
       (91, 'Kiefer', 'Jones', '26/8/2012',13,2352,'2024-02-01',null),
       (92, 'Ally', 'Zampella Lira', '29/05/2013',13,2349,'2024-02-01',null),
       (93, 'Isabella', 'Aylett Vazquez', '7/10/2011',13,1126,'2024-02-01',null),
       (94, 'Cecilia', 'Ribeca', '5/6/2012',13,1275,'2024-02-01',null),
       (95, 'Alexander', 'Centkowski', '19/6/2012',14,1091,'2024-02-01',null),
       (96, 'Alba', 'Leslie', '6/5/2012',14,1239,'2024-02-01',null),
       (97, 'Jaime', 'Mullan-Herranz', '26/4/2012',14,1001,'2024-02-01',null),
       (98, 'Luca', 'Pizzi Martinez', '23/11/2012',14,1123,'2024-02-01',null),
       (99, 'Michael', 'Rafferty Villanueva', '11/8/2013',14,1133,'2024-02-01',null),
       (100, 'Ariana', 'Varona Sánchez', '24/1/2013',14,1187,'2024-02-01',null),
       (101, 'Roi', 'Lopez Porras', '',14,1251,'2024-02-01',null),
       (102, 'Daniel', 'Edmond', '10/8/2013',14,1243,'2024-02-01',null);






















